process,case,batch,calls,elapsed_ns,per_call_ms
0,synthetic-10000,0,1,64333500,64.3335
0,synthetic-10000,1,1,80251700,80.2517
0,synthetic-10000,2,1,100662700,100.6627
0,synthetic-10000,3,1,60128300,60.1283
0,synthetic-10000,4,1,104651700,104.6517
0,synthetic-10000,5,1,76251500,76.2515
0,synthetic-10000,6,1,64493400,64.4934
0,bundled,0,4096,98690100,0.0240942626953125
0,bundled,1,4096,91565300,0.0223548095703125
0,bundled,2,4096,115312900,0.0281525634765625
0,bundled,3,4096,96879000,0.023652099609375
0,bundled,4,4096,98887300,0.0241424072265625
0,bundled,5,4096,90420300,0.0220752685546875
0,bundled,6,4096,96090800,0.02345966796875
0,synthetic-1000,0,16,84640400,5.290025
0,synthetic-1000,1,16,106857400,6.6785875
0,synthetic-1000,2,16,92279300,5.76745625
0,synthetic-1000,3,16,87143800,5.4464875
0,synthetic-1000,4,16,92331100,5.77069375
0,synthetic-1000,5,16,119402600,7.4626625
0,synthetic-1000,6,16,103991200,6.49945
0,synthetic-100,0,128,68075600,0.531840625
0,synthetic-100,1,128,59136300,0.46200234375
0,synthetic-100,2,128,54489200,0.425696875
0,synthetic-100,3,128,60113000,0.4696328125
0,synthetic-100,4,128,58010100,0.45320390625
0,synthetic-100,5,128,56203400,0.4390890625
0,synthetic-100,6,128,63831000,0.4986796875
1,synthetic-100,0,128,62677700,0.48966953125
1,synthetic-100,1,128,61225600,0.478325
1,synthetic-100,2,128,59213000,0.4626015625
1,synthetic-100,3,128,55586500,0.43426953125
1,synthetic-100,4,128,53724200,0.4197203125
1,synthetic-100,5,128,53824500,0.42050390625
1,synthetic-100,6,128,52826800,0.412709375
1,synthetic-10000,0,1,76693000,76.693
1,synthetic-10000,1,1,104942700,104.9427
1,synthetic-10000,2,1,70853300,70.8533
1,synthetic-10000,3,1,65411300,65.4113
1,synthetic-10000,4,1,88720500,88.7205
1,synthetic-10000,5,1,59318800,59.3188
1,synthetic-10000,6,1,104091300,104.0913
1,synthetic-1000,0,8,47211600,5.90145
1,synthetic-1000,1,8,48381400,6.047675
1,synthetic-1000,2,8,59485700,7.4357125
1,synthetic-1000,3,8,58693200,7.33665
1,synthetic-1000,4,8,49835600,6.22945
1,synthetic-1000,5,8,69583900,8.6979875
1,synthetic-1000,6,8,67967200,8.4959
1,bundled,0,2048,53757100,0.026248583984375
1,bundled,1,2048,52342200,0.02555771484375
1,bundled,2,2048,46817300,0.022860009765625
1,bundled,3,2048,44668800,0.0218109375
1,bundled,4,2048,43895200,0.021433203125
1,bundled,5,2048,50221800,0.02452236328125
1,bundled,6,2048,58509300,0.028568994140625
2,synthetic-1000,0,16,133171700,8.32323125
2,synthetic-1000,1,16,107192000,6.6995
2,synthetic-1000,2,16,111083700,6.94273125
2,synthetic-1000,3,16,140918400,8.8074
2,synthetic-1000,4,16,109584000,6.849
2,synthetic-1000,5,16,115242700,7.20266875
2,synthetic-1000,6,16,114384500,7.14903125
2,synthetic-10000,0,1,103437800,103.4378
2,synthetic-10000,1,1,82530500,82.5305
2,synthetic-10000,2,1,87842900,87.8429
2,synthetic-10000,3,1,118293500,118.2935
2,synthetic-10000,4,1,87879000,87.879
2,synthetic-10000,5,1,120455000,120.455
2,synthetic-10000,6,1,83081700,83.0817
2,bundled,0,2048,54255300,0.026491845703125
2,bundled,1,2048,57291600,0.0279744140625
2,bundled,2,2048,58848300,0.028734521484375
2,bundled,3,2048,67776900,0.033094189453125
2,bundled,4,2048,57384300,0.028019677734375
2,bundled,5,2048,50857900,0.024832958984375
2,bundled,6,2048,62114400,0.030329296875
2,synthetic-100,0,128,75694400,0.5913625
2,synthetic-100,1,128,55904300,0.43675234375
2,synthetic-100,2,128,58698000,0.458578125
2,synthetic-100,3,128,76960000,0.60125
2,synthetic-100,4,128,66117800,0.5165453125
2,synthetic-100,5,128,71603200,0.5594
2,synthetic-100,6,128,59026600,0.4611453125
3,bundled,0,2048,46380700,0.022646826171875
3,bundled,1,2048,31182900,0.015226025390625
3,bundled,2,2048,39102000,0.0190927734375
3,bundled,3,2048,30523700,0.014904150390625
3,bundled,4,2048,44396000,0.021677734375
3,bundled,5,2048,43058500,0.021024658203125
3,bundled,6,2048,56493900,0.027584912109375
3,synthetic-100,0,128,85837400,0.6706046875
3,synthetic-100,1,128,98792000,0.7718125
3,synthetic-100,2,128,94435200,0.737775
3,synthetic-100,3,128,97068000,0.75834375
3,synthetic-100,4,128,80132200,0.6260328125
3,synthetic-100,5,128,78142300,0.61048671875
3,synthetic-100,6,128,73868700,0.57709921875
3,synthetic-10000,0,1,86317800,86.3178
3,synthetic-10000,1,1,112824600,112.8246
3,synthetic-10000,2,1,74296100,74.2961
3,synthetic-10000,3,1,90417700,90.4177
3,synthetic-10000,4,1,125426200,125.4262
3,synthetic-10000,5,1,87847800,87.8478
3,synthetic-10000,6,1,110901500,110.9015
3,synthetic-1000,0,8,53983100,6.7478875
3,synthetic-1000,1,8,59756800,7.4696
3,synthetic-1000,2,8,51506600,6.438325
3,synthetic-1000,3,8,72184200,9.023025
3,synthetic-1000,4,8,45107900,5.6384875
3,synthetic-1000,5,8,42735400,5.341925
3,synthetic-1000,6,8,46974200,5.871775
4,synthetic-1000,0,8,48276100,6.0345125
4,synthetic-1000,1,8,74238300,9.2797875
4,synthetic-1000,2,8,54536700,6.8170875
4,synthetic-1000,3,8,52121300,6.5151625
4,synthetic-1000,4,8,53610200,6.701275
4,synthetic-1000,5,8,53912500,6.7390625
4,synthetic-1000,6,8,50749600,6.3437
4,synthetic-100,0,128,68206500,0.53286328125
4,synthetic-100,1,128,71396800,0.5577875
4,synthetic-100,2,128,68950100,0.53867265625
4,synthetic-100,3,128,77601700,0.60626328125
4,synthetic-100,4,128,73234900,0.57214765625
4,synthetic-100,5,128,85948900,0.67147578125
4,synthetic-100,6,128,94476600,0.7380984375
4,bundled,0,2048,61187900,0.029876904296875
4,bundled,1,2048,53087100,0.025921435546875
4,bundled,2,2048,61345200,0.0299537109375
4,bundled,3,2048,52358800,0.0255658203125
4,bundled,4,2048,57971600,0.0283064453125
4,bundled,5,2048,49583800,0.02421083984375
4,bundled,6,2048,60785400,0.02968037109375
4,synthetic-10000,0,1,115924000,115.924
4,synthetic-10000,1,1,89919600,89.9196
4,synthetic-10000,2,1,88099800,88.0998
4,synthetic-10000,3,1,114794400,114.7944
4,synthetic-10000,4,1,107372500,107.3725
4,synthetic-10000,5,1,140504000,140.504
4,synthetic-10000,6,1,81532800,81.5328
